uid,password,first_name,last_name,username,email,avatar,gender,phone_number,social_insurance_number,date_of_birth,title,key_skill,city,street_name,street_address,zip_code,state,country,lat,lng,cc_number,plan,status,payment_method,term
cbec5086-b786-49de-bdf2-67f9f56f44a1,5VjragZRuP,Hermila,Wilkinson,hermila.wilkinson,hermila.wilkinson@email.com,https://robohash.org/estsolutatenetur.png?size=300x300&set=set1,Polygender,+597 398-859-9125 x616,275241842,1959-11-20,National Architect,Fast learner,Bartolettiberg,Teodoro Isle,452 Durgan Drive,06953,Texas,United States,-24.8866858480404,131.62940248425724,4544431529760,Business,Idle,Apple Pay,Full subscription
25711afe-9c7f-4991-b858-23bd2984ad51,TIDxVGQ1OS,Jame,Roberts,jame.roberts,jame.roberts@email.com,https://robohash.org/estexet.png?size=300x300&set=set1,Polygender,+290 (616) 545-2272 x481,933424905,1969-10-23,Investor Consulting Architect,Fast learner,Refugiamouth,Edda Common,7427 Will Track,60218-1909,South Dakota,United States,-79.81006674822427,126.58518553925796,4350-3796-1597-0619,Business,Pending,Credit card,Payment in advance
930a7cd3-2c21-4df0-924c-def43d210c21,6iYOPeQ9wz,Kory,Grady,kory.grady,kory.grady@email.com,https://robohash.org/praesentiuminventorevelit.png?size=300x300&set=set1,Male,+964 455-747-7628 x12177,977524867,1999-05-10,Global Mining Technician,Self-motivated,Cristopherside,Veum Road,773 Kerry Islands,20475,Nevada,United States,22.064601267502766,156.78276648793172,6771-8966-8399-2213,Silver,Pending,Money transfer,Payment in advance
959c65f7-75f2-4e0a-b780-dfbce4d6df35,wZ5g1hlj6D,Son,Crooks,son.crooks,son.crooks@email.com,https://robohash.org/pariaturquiaullam.png?size=300x300&set=set1,Genderfluid,+238 1-963-467-3359 x6342,947852760,1985-06-09,Global Design Officer,Technical savvy,New Mickeyburgh,Crist Forest,9429 Kovacek Route,36972-0789,Vermont,United States,-36.30397561406877,-49.80429124001557,4748990459463,Basic,Blocked,Apple Pay,Full subscription
d901700a-f9bf-47b5-b2cf-697a7e27d34a,7Kh5DjVER9,Louie,Champlin,louie.champlin,louie.champlin@email.com,https://robohash.org/omnisesteum.png?size=300x300&set=set1,Genderqueer,+973 (816) 551-8859 x358,756511853,1970-03-22,Global Sales Manager,Fast learner,Bartolettiburgh,Christiansen Drive,671 Ullrich Course,28422,Connecticut,United States,-31.294305069056833,120.23232094500963,5220-7572-1149-7506,Professional,Blocked,Paypal,Annual
96384e1f-f89f-4a45-9798-8e97ceea4725,cx3ZGSQBIa,Billie,Torp,billie.torp,billie.torp@email.com,https://robohash.org/cumquererumperspiciatis.png?size=300x300&set=set1,Polygender,+680 1-759-273-2183 x84388,219558442,1975-01-12,Administration Engineer,Networking skills,Kenport,Granville Keys,2596 Hayes Fords,23021,Oklahoma,United States,61.80341603702661,-156.42931602516657,4892-0541-5140-5396,Platinum,Pending,WeChat Pay,Monthly
8f60188c-3e7d-494c-9f5f-8308905c04f1,SicuUnd41P,Kizzie,Pouros,kizzie.pouros,kizzie.pouros@email.com,https://robohash.org/repellatesseeos.png?size=300x300&set=set1,Genderqueer,+268 1-889-761-5745 x00548,505494815,1970-02-21,Forward Community-Services Assistant,Teamwork,Auerfort,Ricardo Glens,7223 Indira Ridge,98299-9371,New Mexico,United States,-66.19412951631247,47.98402937071421,6771-8929-7127-2269,Business,Idle,Cash,Full subscription
c892dae0-0b63-4071-8bbd-7a17baa36f1a,eX4Exmq1aO,Fidel,Koss,fidel.koss,fidel.koss@email.com,https://robohash.org/doloradporro.png?size=300x300&set=set1,Genderfluid,+389 204-327-6848 x9457,671700920,1972-05-09,Future Facilitator,Work under pressure,South Lloyd,Carter Road,7462 Chasidy Stravenue,13500-2479,Connecticut,United States,47.85194139010949,-31.28541729306491,5298-3647-5545-8403,Business,Blocked,Cash,Annual
16bea012-ca0b-47ca-9549-bec841ffede2,VRYJzildnI,Darcy,Padberg,darcy.padberg,darcy.padberg@email.com,https://robohash.org/dolorenecessitatibusadipisci.png?size=300x300&set=set1,Polygender,+65 (126) 693-6246 x7339,614188225,1980-05-01,Community-Services Analyst,Work under pressure,Kemmertown,Bosco Groves,93819 Mariano Prairie,59666,Arizona,United States,85.45406932265831,-40.1434823875681,4652651738332,Standard,Idle,Bitcoins,Monthly
848630f5-68ef-4fe4-818f-bfa4eac768ed,ZtpEyDcjTh,Trent,Fadel,trent.fadel,trent.fadel@email.com,https://robohash.org/impedittemporaqui.png?size=300x300&set=set1,Non-binary,+261 518-868-3558 x141,758937874,2002-05-24,Human IT Manager,Communication,Dachside,Nigel Mill,5701 Huels Way,58631,South Dakota,United States,0.02349601202706708,-91.47280196451744,4419231487370,Platinum,Active,Bitcoins,Payment in advance
7569efb2-5eee-46c7-886a-04618db2c73a,V9sdxPpWmF,Hunter,Crona,hunter.crona,hunter.crona@email.com,https://robohash.org/facereitaquealiquam.png?size=300x300&set=set1,Male,+266 834-088-2338 x365,543462311,2004-01-25,Forward Healthcare Officer,Work under pressure,Tamiton,Duane Extension,179 Young Groves,68633,Idaho,United States,-23.367297583014178,103.06519138839514,5220-4866-9029-1228,Standard,Pending,Bitcoins,Monthly
107e9144-1a5d-4c09-b1e9-e587a22c1923,2FVtXUqvCg,Everett,Kling,everett.kling,everett.kling@email.com,https://robohash.org/evenietveniamsequi.png?size=300x300&set=set1,Non-binary,+86 302-328-7074,658856364,1980-11-25,District Specialist,Work under pressure,Port Elvin,Hahn Ford,348 Korey Path,24096-8419,Kentucky,United States,-34.80547702725409,-93.24418283102447,4755-2428-1344-7890,Student,Pending,Cash,Payment in advance
fe393be7-1398-4fb2-9d78-d4e287cfdc21,FluUwkToCy,Vernon,Ernser,vernon.ernser,vernon.ernser@email.com,https://robohash.org/doloreetvoluptatem.png?size=300x300&set=set1,Non-binary,+691 964.021.5068 x971,379289770,1981-12-16,National Farming Assistant,Communication,Dorotheaside,Ricky Estates,8287 Nolan Crest,40269,Connecticut,United States,-69.48789816187892,105.0479264595981,4739-6475-2538-5926,Gold,Blocked,Google Pay,Monthly
241ad9b6-0559-40e8-8eb2-74a83c1e9174,btdCJknrqY,Vincenzo,Runolfsson,vincenzo.runolfsson,vincenzo.runolfsson@email.com,https://robohash.org/nihildoloresvero.png?size=300x300&set=set1,Bigender,+679 406-575-0087,492849864,1959-10-31,Legal Strategist,Fast learner,Titusfurt,Berge Lane,332 Brianne Flat,67745-1562,Rhode Island,United States,14.687693805438542,33.892297957307505,5448-3959-7998-2991,Premium,Blocked,Cash,Annual
eec2353c-77bd-416d-bc3b-9734d81046c4,PLGH3IrCzM,Lowell,Hagenes,lowell.hagenes,lowell.hagenes@email.com,https://robohash.org/sintimpeditdolor.png?size=300x300&set=set1,Male,+36 (126) 524-7783 x93575,647599976,1969-09-26,Government Planner,Self-motivated,Vanceview,Clelia Crossroad,1735 Hulda Valley,85071-9934,Tennessee,United States,78.48455883478937,-33.63223141810056,6771-8934-6211-0653,Platinum,Blocked,Money transfer,Annual
8e572c97-1182-4ba5-99dc-7d3f629d6deb,CIrjKnAqgT,Sarina,Mann,sarina.mann,sarina.mann@email.com,https://robohash.org/quisnisiin.png?size=300x300&set=set1,Male,+98 785-146-6944,138268636,1973-11-06,Forward Facilitator,Self-motivated,Fondaton,Brekke Mall,94820 Adrian Village,63704,Delaware,United States,-11.964420564237372,110.02857704909934,6771-8949-7445-1759,Business,Blocked,Alipay,Payment in advance
bd60bdee-68b5-4536-ac5f-91abe288671c,Z1cz7TNrwL,Jamar,Nitzsche,jamar.nitzsche,jamar.nitzsche@email.com,https://robohash.org/porroteneturet.png?size=300x300&set=set1,Bigender,+683 515.352.5148 x6875,233535251,1972-04-22,Design Analyst,Work under pressure,Port Hiedi,Jerde Manor,5871 Hayes Islands,37089,Louisiana,United States,31.745195239889313,-26.216419717680225,4876165169375,Essential,Blocked,Credit card,Annual
7e1bbf5b-fab1-4690-b2f3-3c4b2f2fcbd8,56LD8yxQsm,Jimmie,Hane,jimmie.hane,jimmie.hane@email.com,https://robohash.org/culpaaspernaturaut.png?size=300x300&set=set1,Genderfluid,+51 (608) 288-6621 x563,752329367,1964-01-03,Global Mining Coordinator,Self-motivated,Lake Barry,Lang Crest,9001 Greg Cliffs,56432,North Dakota,United States,-18.221313463468803,-133.68859696353758,4648-5722-4944-9008,Free Trial,Idle,Apple Pay,Payment in advance
217c9767-50e1-449f-8a07-17703c2f78ab,I96kKEjOCF,Michelle,Paucek,michelle.paucek,michelle.paucek@email.com,https://robohash.org/eaimpeditea.png?size=300x300&set=set1,Genderqueer,+880 437.035.3192 x026,635480346,1996-06-17,Design Analyst,Technical savvy,South Wilbert,Zora Keys,12445 Carlton Green,49330,Colorado,United States,-1.4281382531479352,-132.74342098261678,5150-6497-3354-2071,Bronze,Active,Bitcoins,Monthly
b8684b25-045a-4420-b961-e05ff9518a39,1Re0HTNK9V,Millie,Weimann,millie.weimann,millie.weimann@email.com,https://robohash.org/mollitiaquiscum.png?size=300x300&set=set1,Bigender,+597 1-575-609-5298,231916370,1967-08-04,Investor Manufacturing Designer,Teamwork,Luettgenmouth,Grimes Forks,709 Mante Vista,60360,Pennsylvania,United States,-55.679244636886985,-38.59475903435825,4572-9443-4320-0241,Essential,Blocked,Bitcoins,Monthly
66d18633-92bc-4ab8-a7b2-c23e28b033fa,43py7O0qUC,Lane,Oberbrunner,lane.oberbrunner,lane.oberbrunner@email.com,https://robohash.org/nondictaadipisci.png?size=300x300&set=set1,Genderqueer,+353 (828) 916-1317 x71522,115846073,1990-10-02,Administration Orchestrator,Work under pressure,West Bradford,Runolfsdottir Lakes,128 Wiza Fords,98871,Oklahoma,United States,0.2824927405282125,-24.96690763618429,5193-1585-9250-2993,Standard,Idle,WeChat Pay,Full subscription
13cbdec5-e001-4eaa-b7f6-faa3c3a4ca14,4KMlNs8SiQ,Tula,Waelchi,tula.waelchi,tula.waelchi@email.com,https://robohash.org/pariaturquasiquos.png?size=300x300&set=set1,Non-binary,+359 530-122-6063 x94858,906678628,1994-05-29,Education Orchestrator,Technical savvy,Port Kathieland,Jae Oval,7772 Stanton Plaza,75126-5829,Kentucky,United States,9.137894884387563,7.1553468654511505,4906-3669-8929-9674,Basic,Pending,Visa checkout,Full subscription
083dab2a-aad3-4cfb-b4a8-a94217c6dd9a,HdlafkJbNU,Iraida,Legros,iraida.legros,iraida.legros@email.com,https://robohash.org/adtotammaiores.png?size=300x300&set=set1,Non-binary,+41 (188) 735-7869 x708,284254828,2000-04-06,Internal Analyst,Work under pressure,Zanefort,Kathrin Overpass,139 Morissette Mall,18144,New Hampshire,United States,32.05424968259064,-45.97339099031723,4135763645587,Platinum,Active,Cash,Monthly
c59b4f95-b274-4324-9bd4-b3ac1d786614,3VEmfhygro,Marc,Lubowitz,marc.lubowitz,marc.lubowitz@email.com,https://robohash.org/excepturitotamqui.png?size=300x300&set=set1,Bigender,+688 345.571.4538 x9846,970050779,1997-12-21,Corporate Legal Planner,Technical savvy,Adolphmouth,Bins Crossing,4255 Pagac Skyway,76737-1768,Indiana,United States,40.57063620992699,76.78902037851088,4641650185975,Business,Idle,Money transfer,Annual
c7343371-1d14-4a2a-9abc-d454655abb82,r3Ouk2P4nL,Nicholas,Olson,nicholas.olson,nicholas.olson@email.com,https://robohash.org/repellatodiovero.png?size=300x300&set=set1,Genderqueer,+251 (601) 309-5071,372248757,1993-07-26,Customer Manufacturing Analyst,Teamwork,North Neilton,Anderson Plains,346 Heaney Mountains,38784,Utah,United States,62.98960038624526,-30.770874350299778,6771-8965-6476-1794,Standard,Idle,Debit card,Payment in advance
2e336593-eae7-4221-8593-53901353fe04,dg79KUVZ2n,Delila,Mayer,delila.mayer,delila.mayer@email.com,https://robohash.org/etpraesentiumad.png?size=300x300&set=set1,Bigender,+253 399.907.4938 x879,963487186,1973-11-27,Marketing Assistant,Technical savvy,North Trentonfort,Mariela Crossing,39749 Isaiah Shore,43716-4033,Arizona,United States,69.50266530601897,104.60305556627588,5298-7509-7000-8330,Business,Blocked,Cash,Payment in advance
b8312d8e-4d84-4eef-aeac-8c7e809b46bf,euNaWoM5zi,Marylyn,Smith,marylyn.smith,marylyn.smith@email.com,https://robohash.org/etutreiciendis.png?size=300x300&set=set1,Male,+7-6 1-746-438-8494 x4681,554251033,1961-02-05,International Accounting Consultant,Communication,New Pablo,Nikolaus Trace,9264 Obdulia Trafficway,32795-0812,Alabama,United States,33.82746101475398,19.079352196167548,4435516376112,Free Trial,Active,Bitcoins,Full subscription
319c3bc3-f7a9-4ace-967e-25ad9a24ca4b,N60PKmv4q7,Muriel,Hane,muriel.hane,muriel.hane@email.com,https://robohash.org/velitbeataehic.png?size=300x300&set=set1,Agender,+595 1-852-712-4647,666594288,1996-02-26,Mining Facilitator,Self-motivated,Lake Deon,Steven Mountains,98560 Sammy Haven,09606-6510,North Carolina,United States,-37.05788475413352,60.77064561591405,4447-2573-3270-2413,Bronze,Pending,Credit card,Monthly
0c4cf7ba-38cd-436b-b507-1470b26bb43d,NJKrsc50v2,Macy,O'Keefe,macy.o'keefe,macy.o'keefe@email.com,https://robohash.org/perferendissedfacere.png?size=300x300&set=set1,Genderqueer,+672 (978) 835-7386 x81895,774216378,1994-07-25,National Assistant,Communication,Shanfort,Olga Knolls,980 Mindi Crescent,06257,Pennsylvania,United States,39.95982494467003,155.94617804170008,4637-8127-3170-1406,Bronze,Blocked,Alipay,Monthly
26abf575-1f51-41d3-9a7f-2725148301c6,hTKgAfDFrO,Yung,Rath,yung.rath,yung.rath@email.com,https://robohash.org/etnostrumoptio.png?size=300x300&set=set1,Agender,+850 351.141.1355 x4748,183865658,1994-04-11,Community-Services Supervisor,Proactive,South Maybellefurt,Emard Stravenue,19367 Watsica Loaf,89231,Minnesota,United States,-25.84680846028178,34.756076004223274,5539-0868-8554-2462,Starter,Pending,Google Pay,Annual
5b4a66d9-e834-43d6-b580-81684ca3f786,wMRnOqpPBc,Dwain,Mills,dwain.mills,dwain.mills@email.com,https://robohash.org/autautemvoluptates.png?size=300x300&set=set1,Male,+678 (722) 014-9675 x6132,998940951,1983-07-20,Advertising Associate,Fast learner,Christianville,Marcia Tunnel,54547 Hessel Village,14768-2047,Tennessee,United States,35.07928533377142,35.28245321316757,4408-5363-9960-4191,Student,Active,Cash,Full subscription
5f982c2d-d04f-4ceb-852f-3ece71b183c7,enTSw5K4Eg,Melynda,Hahn,melynda.hahn,melynda.hahn@email.com,https://robohash.org/velitsaeperem.png?size=300x300&set=set1,Female,+40 868-372-5813 x3247,583316856,1975-03-22,Lead Sales Coordinator,Confidence,Lake Careybury,Koepp Viaduct,96589 Freddie Inlet,30051,Hawaii,United States,45.0334967848529,-178.2598555047972,5334-4997-2306-1602,Free Trial,Active,Apple Pay,Monthly
7b3751a9-1cc6-4888-bb06-1b474f23660c,14HSkVJdUc,Rufus,Dare,rufus.dare,rufus.dare@email.com,https://robohash.org/voluptatemdoloremitaque.png?size=300x300&set=set1,Bigender,+48 515.664.2944 x84911,420619447,1970-09-03,Regional Facilitator,Confidence,Steveton,Wolf Lock,3858 Jolyn Divide,43024,Missouri,United States,73.2533903287181,-160.0771303264778,4332-0533-2837-5597,Premium,Pending,Debit card,Payment in advance
7c91112b-7d8e-4f98-9f3d-848c2b45342b,2hyIg8Qnip,Lettie,Corkery,lettie.corkery,lettie.corkery@email.com,https://robohash.org/dignissimosvoluptatedeserunt.png?size=300x300&set=set1,Non-binary,+1-758 (571) 852-2279 x52239,574173993,1969-01-23,Mining Producer,Networking skills,North Odell,Lueilwitz Summit,5333 Douglas Via,62150,Missouri,United States,86.55440113994939,26.584903665295286,6771-8994-5259-7148,Standard,Pending,Credit card,Annual
a268f567-887a-427e-9083-5c16a99c4f3e,niTMKDbPNd,Elvin,Green,elvin.green,elvin.green@email.com,https://robohash.org/accusantiumsitminima.png?size=300x300&set=set1,Genderqueer,+880 (283) 347-2203 x311,507791614,1968-09-24,Future Banking Coordinator,Problem solving,South Collinborough,Schaefer Walk,581 Raphael Underpass,39828-9988,Wisconsin,United States,-33.64979331545307,-50.61000635825661,5151-2994-7588-7364,Business,Blocked,Alipay,Payment in advance
eae6bcb9-f3d3-444d-acfd-55cc2b9cb756,Bd0fw5Ais9,Melvin,Torphy,melvin.torphy,melvin.torphy@email.com,https://robohash.org/utasperioressit.png?size=300x300&set=set1,Non-binary,+7-7 388.736.0718 x95705,348360645,1969-03-20,Investor Education Engineer,Teamwork,Cynditon,Thiel Radial,281 Raphael Parkways,30677-3306,Louisiana,United States,56.505130524279366,137.57103209446262,5163-4695-6907-4114,Standard,Active,Paypal,Full subscription
08aa9f57-6a01-4111-9454-b1ab6ef3c832,m9gWK4V0qp,Oralee,Oberbrunner,oralee.oberbrunner,oralee.oberbrunner@email.com,https://robohash.org/minusquiquae.png?size=300x300&set=set1,Agender,+375 1-441-788-3121 x612,782793004,1980-09-04,Senior Government Administrator,Self-motivated,South Mickeystad,Adam Inlet,63470 Renner Meadows,25074,Utah,United States,19.470864940730806,-160.04050717030435,4123-9858-7568-3472,Silver,Pending,Credit card,Monthly
6b9e6cd5-9c2d-4051-80d9-fd770846b58c,bDXiJU481x,Leslie,Zieme,leslie.zieme,leslie.zieme@email.com,https://robohash.org/molestiaeetculpa.png?size=300x300&set=set1,Agender,+598 1-836-781-3476 x8707,286537600,1970-10-24,Global Farming Manager,Leadership,Port Imogene,Wintheiser Lodge,201 Wyman Inlet,69334,Alabama,United States,-69.112231437857,-168.6102468470941,4958127431299,Business,Pending,Debit card,Annual
688dbfa1-dd39-4032-9ae6-22deb239d857,GAYvijwbFe,Kayce,Kohler,kayce.kohler,kayce.kohler@email.com,https://robohash.org/ideiusmagni.png?size=300x300&set=set1,Agender,+47 881-325-4660 x01306,575888680,1983-12-10,Chief Marketing Consultant,Fast learner,West Lakeshamouth,Mikel Brook,621 Rosenbaum Path,27087,Massachusetts,United States,-62.55657405219716,167.40707508183118,6771-8961-8060-3149,Essential,Pending,Apple Pay,Annual
1cfc83bc-2eb3-4ad9-87e7-a8e9f4c62a6c,vsPTVl5bR8,Charline,Willms,charline.willms,charline.willms@email.com,https://robohash.org/culpaoccaecatitempore.png?size=300x300&set=set1,Genderfluid,+380 (677) 761-0994,207233693,1957-12-13,Product Engineer,Organisation,Whiteport,Carroll Glen,222 Abshire Tunnel,00943,Nebraska,United States,-48.033006580988044,57.58350016955956,4802-8678-4528-4466,Free Trial,Blocked,Money transfer,Payment in advance
508ebde2-39ee-4542-a44a-2b3a4399efe3,SR3IjXwPWb,Barney,Watsica,barney.watsica,barney.watsica@email.com,https://robohash.org/dolorefacilisest.png?size=300x300&set=set1,Female,+965 (930) 627-7961 x7399,394806327,1987-08-09,Legacy Officer,Teamwork,Lake Leilastad,Ricky Radial,268 Wendie Landing,03224-4783,Kansas,United States,55.04516542049521,32.40915498285975,4966276664362,Basic,Pending,WeChat Pay,Payment in advance
